"StoryDate","Source","StoryWordCount","topicgrouped","LeadNewsmaker","LeadNewsmaker2"
20120102,1,1374,2,"Santorum, Rick","Romney, Mitt"
20120102,1,1158,2,99,"Romney, Mitt"
20120102,1,1237,26,99,99
20120102,1,1839,3,99,"Pennington, Matthew"
20120102,1,1431,25,99,99
20120102,1,976,5,99,99
20120104,1,1508,2,99,99
20120104,1,1379,2,99,99
20120104,1,1371,25,99,"Obama Administration"
20120104,1,1144,11,99,99
20120104,1,1896,12,99,99
20120106,1,1265,26,99,99
20120106,1,934,2,99,"Obama, Barack"
20120106,1,1406,2,99,"Santorum, Rick"
20120106,1,1075,4,"Shwartz, Patty","Menendez, Robert"
20120106,1,1891,26,99,99
20120106,1,1218,12,99,99
20120110,1,1417,25,99,"Hekmati, Amir Mirzaei"
20120110,1,1375,2,"Gingrich, Newt","Adelson, Sheldon"
20120110,1,1134,26,99,99
20120110,1,774,14,99,99
20120110,1,1145,11,99,99
20120112,1,1564,25,99,99
20120112,1,1257,13,99,"Perich, Cheryl"
20120112,1,1743,25,99,"Karzai, Hamid"
20120112,1,1139,12,99,99
20120112,1,1213,8,99,99
20120112,1,1017,21,99,99
20120115,1,1363,26,99,99
20120115,1,1589,2,99,"Romney, Mitt"
20120115,1,2509,8,99,99
20120115,1,1576,26,99,99
20120115,1,1331,2,"Romney, Mitt","Santorum, Rick"
20120115,1,1276,1,99,"Boehner, John"
20120116,1,1313,26,99,99
20120116,1,1422,25,99,99
20120116,1,1894,25,99,"McDowell, Layne"
20120116,1,1541,2,99,"Santorum, Rick"
20120116,1,1038,2,"Romney, Mitt","Huntsman, Jon"
20120118,1,1186,2,99,"Romney, Mitt"
20120118,1,1347,15,99,99
20120118,1,1050,1,99,99
20120118,1,1222,1,99,99
20120118,1,1403,26,99,99
20120118,1,1069,15,99,99
20120120,1,1495,25,99,99
20120120,1,1537,26,99,99
20120120,1,1271,14,99,99
20120120,1,1290,2,99,"Gingrich, Newt"
20120120,1,1055,26,99,99
20120120,1,1992,2,99,"Santorum, Rick"
20120124,1,1069,2,"Adelson, Sheldon","Gingrich, Newt"
20120124,1,1221,1,99,99
20120124,1,1111,18,99,99
20120124,1,1316,15,99,"Vaughan, Khrys"
20120124,1,1103,6,"Zubaydah, Abu","Kiriakou, John"
20120126,1,1151,8,99,99
20120126,1,5538,7,99,99
20120126,1,1238,25,99,99
20120126,1,1135,14,99,99
20120129,1,1609,2,"Gingrich, Newt","Romney, Mitt"
20120129,1,1161,26,99,99
20120129,1,1291,18,99,99
20120129,1,2756,2,"Gingrich, Newt","Adelson, Sheldon"
20120129,1,1176,26,99,99
20120130,1,1335,25,99,"Obama Administration"
20120130,1,1320,8,99,99
20120130,1,1005,2,99,"Bush, Jeb"
20120130,1,1681,2,99,99
20120130,1,1706,15,99,99
20120201,1,1307,2,"Gingrich, Newt","Romney, Mitt"
20120201,1,1158,14,99,99
20120201,1,1389,7,99,99
20120201,1,1329,2,99,"Romney, Mitt"
20120201,1,1415,25,99,99
20120201,1,1004,26,99,99
20120203,1,1055,18,99,99
20120203,1,1831,5,99,99
20120203,1,1095,26,99,99
20120203,1,1105,1,99,99
20120203,1,1126,7,99,99
20120203,1,1229,5,99,99
20120207,1,1515,2,"Cardona, Carlos","Cardona, Pepe"
20120207,1,1499,26,"Netanyahu, Benjamin","Abbas, Mahmoud"
20120207,1,1441,25,99,99
20120207,1,1048,1,99,99
20120207,1,1239,18,"Gehry, Frank","Eisenhower, Dwight"
20120209,1,1231,8,99,99
20120209,1,1655,26,99,99
20120209,1,1155,25,99,99
20120209,1,1185,2,"Santorum, Rick","Friess, Foster"
20120209,1,1150,1,99,99
20120209,1,1392,12,99,99
20120212,1,4083,18,99,99
20120212,1,1647,2,99,"Romney, Mitt"
20120212,1,1764,26,99,"Murdoch, James"
20120212,1,1210,25,99,99
20120212,1,1185,1,99,"Lincoln, Mary Todd"
20120213,1,1270,25,99,"McRaven, William"
20120213,1,1545,26,99,99
20120213,1,1305,14,99,99
20120213,1,1322,2,99,"Romney, Mitt"
20120213,1,1249,26,99,99
20120213,1,1723,26,99,"Putin, Vladimir"
20120215,1,984,8,99,99
20120215,1,1197,2,99,"Obama, Barack"
20120215,1,1282,25,99,"Xi, Jinping"
20120215,1,1266,21,99,99
20120215,1,1376,5,99,"Maher, Edward"
20120215,1,1317,12,99,99
20120217,1,1430,14,99,99
20120217,1,1897,26,99,"Shakila"
20120217,1,1064,16,99,99
20120217,1,1161,23,99,"Shadid, Anthony"
20120217,1,1214,5,99,"Berndt, Mark"
20120221,1,1185,2,99,"Romney, Mitt"
20120221,1,1442,14,99,99
20120221,1,1511,26,99,99
20120221,1,1060,5,99,99
20120221,1,1249,2,99,99
20120221,1,1301,24,99,99
20120223,1,1207,2,"Santorum, Rick","Romney, Mitt"
20120223,1,1246,14,99,99
20120223,1,1728,26,"Ochlik, Remi","Colvin, Marie"
20120223,1,1093,18,99,"McDonnell, Bob"
20120223,1,2072,24,99,"Rosset, Barney"
20120223,1,1300,8,99,99
20120226,1,1431,25,99,99
20120226,1,1965,25,99,99
20120226,1,1635,2,99,"Romney, Mitt"
20120226,1,1125,2,99,"Romney, Mitt"
20120226,1,962,15,99,99
20120227,1,1332,25,99,99
20120227,1,1272,26,99,99
20120227,1,1106,2,"Romney, Mitt","Santorum, Rick"
20120227,1,2897,8,99,"Obama, Barack"
20120227,1,1100,17,99,99
20120227,1,1411,15,99,99
20120229,1,1241,2,99,"Romney, Mitt"
20120229,1,979,18,99,99
20120229,1,1328,26,99,99
20120229,1,1248,25,99,99
20120229,1,1678,21,99,99
20120302,1,1419,26,99,99
20120302,1,1164,14,99,99
20120302,1,1012,19,99,99
20120302,1,1295,2,99,"Romney, Mitt"
20120302,1,1772,26,99,99
20120302,1,1264,12,99,99
20120306,1,1184,25,"Netanyahu, Benjamin","Obama, Barack"
20120306,1,1304,18,"Koch, David","Koch, Charles"
20120306,1,1314,14,99,99
20120306,1,1431,14,99,99
20120308,1,1721,25,99,99
20120308,1,1279,26,99,99
20120308,1,1320,2,99,"Obama, Barack"
20120308,1,1395,14,99,99
20120308,1,1048,22,99,99
20120308,1,1175,2,99,"Romney, Mitt"
20120311,1,1278,2,99,"Obama, Barack"
20120311,1,1223,1,99,99
20120311,1,1236,7,99,99
20120311,1,1709,25,99,99
20120311,1,2912,1,99,99
20120312,1,1462,25,99,99
20120312,1,1235,2,"Gingrich, Newt","Romney, Mitt"
20120312,1,1532,14,99,"Roberts, John"
20120312,1,2319,26,99,"Al-Shater, Khairat"
20120312,1,1052,8,99,"Jones, Shirley"
20120312,1,1248,22,99,99
20120314,1,1248,2,99,"Romney, Mitt"
20120314,1,1647,2,99,"Obama, Barack"
20120314,1,1638,26,99,99
20120314,1,1185,7,99,99
20120316,1,1222,25,99,"Karzai, Hamid"
20120316,1,1885,7,99,99
20120316,1,1387,2,99,99
20120316,1,878,25,99,"Browne, John Henry"
20120316,1,1055,11,99,99
20120316,1,728,15,99,99
20120320,1,1135,25,99,99
20120320,1,1402,7,99,99
20120320,1,1245,14,99,99
20120320,1,1212,26,99,99
20120320,1,1396,26,99,"Bo, Xilai"
20120320,1,1359,26,99,"Moulin, Ginette Heilbronn"
20120322,1,1272,4,99,99
20120322,1,1335,22,99,99
20120322,1,1243,26,99,"Merah, Mohammed"
20120322,1,1460,14,99,99
20120322,1,1171,22,99,"Tebow, Tim"
20120322,1,1129,2,99,"Romney, Mitt"
20120325,1,1234,14,99,99
20120325,1,6316,22,99,99
20120325,1,1295,25,99,99
20120325,1,873,1,99,"Cheney, Dick"
20120325,1,1863,2,99,"Romney, Mitt"
20120325,1,1487,26,99,99
20120326,1,1226,26,99,99
20120326,1,1111,2,"Boswell, Leonard","Latham, Tom"
20120326,1,3784,14,99,"Garg, Rajiv"
20120326,1,1300,26,99,99
20120326,1,879,26,99,"Buckley, Frank"
20120328,1,1283,14,99,99
20120328,1,1189,12,99,99
20120328,1,1126,14,99,99
20120328,1,1197,26,"Barak, Ehud","Netanyahu, Benjamin"
20120328,1,1040,15,99,99
20120328,1,1398,2,99,99
20120330,1,1236,7,99,99
20120330,1,1271,7,99,"Gu, Kaiyuan"
20120330,1,1175,12,99,99
20120330,1,1166,4,99,"Kennedy, Anthony"
20120330,1,1138,26,"Fateh, Amal Ahmad Abdul","bin Laden, Osama"
20120330,1,1026,21,99,99
20120403,1,1261,5,99,99
20120403,1,2973,1,99,"Obama Administration"
20120403,1,1367,26,99,99
20120403,1,1274,8,99,99
20120403,1,1407,22,99,99
20120403,1,1204,2,99,"Kerrey, Bob"
20120405,1,1116,8,"Ryan, Paul","Romney, Mitt"
20120405,1,1067,14,99,99
20120405,1,1206,25,99,99
20120405,1,1132,26,99,99
20120405,1,1335,8,99,"Christie, Chris"
20120405,1,1189,21,99,99
20120408,1,2750,18,99,99
20120408,1,1499,25,99,99
20120408,1,1699,25,"Netanyahu, Benjamin","Romney, Mitt"
20120408,1,1504,25,99,99
20120408,1,1155,15,99,99
20120408,1,1156,26,99,99
20120409,1,1394,25,99,99
20120409,1,1297,8,99,99
20120409,1,2652,14,99,99
20120409,1,1334,2,"Obama, Barack","Romney, Mitt"
20120409,1,1058,21,99,99
20120409,1,2446,24,99,"Wallace, Mike"
20120411,1,1364,2,"Santorum, Rick","Romney, Mitt"
20120411,1,1664,26,"Heywood, Neil","Bo, Xilai"
20120411,1,935,7,99,99
20120411,1,1179,7,99,99
20120411,1,1358,21,99,99
20120411,1,1172,22,"Castro, Fidel","Guillen, Ozzie"
20120413,1,1128,2,"Obama, Barack","Romney, Mitt"
20120413,1,1279,14,99,99
20120413,1,1352,26,99,99
20120413,1,1426,25,99,99
20120417,1,1335,25,99,99
20120417,1,1291,24,99,99
20120417,1,1694,26,99,"Bo, Guagua"
20120417,1,1460,2,99,"Lugar, Richard"
20120417,1,1308,8,"Piketty, Thomas","Saez, Emmanuel"
20120419,1,1214,2,"Obama, Barack","Romney, Mitt"
20120419,1,1096,2,"Romney, Mitt","Obama, Barack"
20120419,1,1500,1,99,99
20120419,1,2305,24,99,"Clark, Dick"
20120419,1,1185,7,99,99
20120422,1,8124,7,99,"Zapata, Sergio Cicero"
20120422,1,1872,2,99,99
20120422,1,1263,2,99,"Obama, Barack"
20120422,1,1255,26,99,99
20120422,1,1189,7,99,99
20120423,1,2068,1,99,"Obama, Barack"
20120423,1,1274,26,"Sarkozy, Nicolas","Hollande, Francois"
20120423,1,1312,25,99,99
20120423,1,1391,17,99,99
20120423,1,1480,13,99,99
20120423,1,1320,2,"Espaillet, Adriano","Rangall, Charles"
20120425,1,1376,14,99,99
20120425,1,1327,26,99,99
20120425,1,1369,16,99,99
20120425,1,1073,8,99,99
20120425,1,1248,15,99,99
20120427,1,1048,7,99,99
20120427,1,1204,25,99,99
20120427,1,1012,26,"Cooper, Eunice","Taylor, Charles"
20120427,1,1429,26,99,"Suzuki, Maomichi"
20120427,1,1303,18,99,"Strachman, Hyman"
20120427,1,1036,2,99,"Gingrich, Newt"
20120501,1,1493,25,"Chen, Guangcheng","Obama, Barack"
20120501,1,1117,26,99,99
20120501,1,2015,2,"Romney, Mitt","Romney, Tagg"
20120501,1,2551,9,99,99
20120503,1,1701,25,99,"Chen, Guangcheng"
20120503,1,1117,21,99,99
20120503,1,1584,2,99,"Grenell, Richard"
20120503,1,1748,25,99,"Chen, Guangcheng"
20120503,1,1134,11,99,99
20120503,1,1748,25,99,"Afridi, Shakil"
20120506,1,1588,18,99,99
20120506,1,1348,6,"Mohammed, Khalid Shaikh","bin Attash, Walid"
20120506,1,3036,14,"French, Ruth","French, Michael"
20120506,1,1284,15,99,99
20120506,1,1308,2,"Romney, Mitt","Obama, Barack"
20120506,1,1218,8,99,99
20120507,1,1406,26,"Sarkozy, Nicolas","Hollande, Francois"
20120507,1,1202,16,"Obama, Barack","Biden, Joe"
20120507,1,2407,26,99,"Bo, Xilai"
20120507,1,1276,8,99,99
20120507,1,941,25,99,"al-Quso, Fahd"
20120507,1,1267,3,99,"McChrystal, Stanley"
20120509,1,1268,25,99,99
20120509,1,1147,2,"Mourdock, Richard","Lugar, Richard"
20120509,1,1446,26,99,"Netanyahu, Benjamin"
20120509,1,1164,16,99,99
20120509,1,2331,24,99,"Sendak, Maurice"
20120511,1,1131,7,99,99
20120511,1,1374,2,99,"Obama, Barack"
20120511,1,1408,26,99,99
20120511,1,1727,22,99,"O'Neill, Doug"
20120511,1,1213,14,99,99
20120511,1,947,2,99,"Romney, Mitt"
20120515,1,1163,7,99,99
20120515,1,1106,16,99,"Obama, Barack"
20120515,1,2053,11,99,99
20120515,1,1274,26,99,99
20120515,1,1470,7,99,99
20120515,1,1061,1,99,"Brown, Jerry"
20120517,1,1161,21,99,99
20120517,1,1172,2,"Obama, Barack","Ricketts, Joe"
20120517,1,1163,14,99,99
20120517,1,1144,7,99,99
20120517,1,1257,18,99,99
20120517,1,2659,1,"Martin, Trayvon","Zimmerman, George"
20120520,1,1460,25,99,"Obama, Barack"
20120520,1,1314,25,99,"Chen, Guangcheng"
20120520,1,2628,2,99,"Romney, Mitt"
20120520,1,1186,8,99,"Obama, Barack"
20120520,1,1412,7,99,"Drew, Ina"
20120521,1,1337,25,99,"Obama, Barack"
20120521,1,1634,26,99,"Bo, Xilai"
20120521,1,1140,8,99,"Alquicira, Miguel"
20120521,1,1283,2,99,99
20120521,1,1377,5,99,"Ravi, Dharun"
20120523,1,1277,8,99,99
20120523,1,1240,25,99,"Amano, Yukiya"
20120523,1,961,2,99,"Paul, Ron"
20120523,1,1318,5,99,99
20120523,1,1161,2,"Liljenquist, Dan","Hatch, Orrin"
20120523,1,980,26,99,99
20120525,1,1294,5,"Patz, Etan","Hernandez, Pedro"
20120525,1,1466,26,99,99
20120525,1,1563,26,99,99
20120525,1,1387,26,99,99
20120525,1,1379,21,99,99
20120525,1,1117,23,99,99
20120529,1,1176,8,99,99
20120529,1,6155,25,99,"Obama, Barack"
20120529,1,1398,14,99,99
20120529,1,1208,17,99,99
20120529,1,1216,23,99,99
20120531,1,1105,14,99,99
20120531,1,1288,26,99,99
20120531,1,1163,25,99,"Obama, Barack"
20120531,1,1128,26,99,"Taylor, Charles"
20120531,1,1324,26,99,99
20120531,1,1199,14,99,99
20120102,2,1047,2,99,"Obama, Barack"
20120102,2,1021,2,99,"Paul, Ron"
20120102,2,1464,2,99,"Lazar, Keith"
20120104,2,1369,2,"Santorum, Rick","Romney, Mitt"
20120104,2,1030,25,99,99
20120104,2,1214,2,"Santorum, Rick","Romney, Mitt"
20120104,2,1355,25,99,99
20120106,2,1344,3,99,99
20120106,2,1067,25,99,99
20120106,2,1136,2,99,"Santorum, Rick"
20120106,2,1279,2,99,99
20120108,2,1425,2,99,"Romney, Mitt"
20120108,2,983,18,99,99
20120108,2,1614,2,99,"Romney, Mitt"
20120108,2,1794,3,99,"Obama, Barack"
20120108,2,1623,1,99,99
20120110,2,1283,11,99,"Sarles, Richard"
20120110,2,1761,2,"Paul, Ron","Ways, Christopher"
20120110,2,1269,2,"Gingrich, Newt","Romney, Mitt"
20120110,2,1200,25,99,"Hekmati, Amir Mirzaei"
20120110,2,988,1,"Obama, Barack","Daley, Bill"
20120112,2,1004,13,99,99
20120112,2,970,26,99,"Roshan, Mostafa Ahmadi"
20120112,2,1336,26,99,99
20120112,2,985,7,99,"Romney, Mitt"
20120112,2,1042,1,99,99
20120116,2,1020,2,"Romney, Mitt","Huntsman, Jon"
20120116,2,1251,26,99,99
20120116,2,1404,11,99,"Obama, Barack"
20120116,2,2298,8,99,99
20120118,2,1127,8,99,"Romney, Mitt"
20120118,2,1113,15,99,99
20120118,2,1212,26,99,"Duvalier, Jean-Claude"
20120120,2,1260,2,"Romney, Mitt","Gingrich, Newt"
20120120,2,1153,7,99,99
20120120,2,1270,2,"Romney, Mitt","Gingrich, Newt"
20120120,2,940,25,99,"Sein, Thein"
20120124,2,1437,2,"Gingrich, Newt","Romney, Mitt"
20120124,2,1329,2,99,"Romney, Mitt"
20120124,2,1287,6,99,"Kiriakou, John"
20120124,2,1407,14,99,99
20120124,2,1208,15,99,"Rattray, Ben"
20120124,2,1000,18,99,99
20120126,2,1209,25,99,99
20120126,2,1257,25,99,"Obama Administration"
20120126,2,911,2,"Romney, Mitt","Obama, Barack"
20120126,2,1050,12,99,99
20120126,2,867,9,99,99
20120130,2,1212,26,99,99
20120130,2,1829,2,"Romney, Mitt","Morris, Bertica Cabrera"
20120130,2,1083,25,99,99
20120130,2,1675,2,99,"Gingrich, Newt"
20120130,2,1417,1,99,99
20120201,2,1270,2,"Gingrich, Newt","Romney, Mitt"
20120201,2,887,2,"Gingrich, Newt","Romney, Mitt"
20120201,2,1143,2,99,"Obama, Barack"
20120201,2,1120,6,99,"Clapper, James"
20120201,2,1360,26,99,99
20120203,2,1169,25,99,99
20120203,2,1365,18,99,99
20120203,2,1209,25,99,99
20120203,2,937,1,99,99
20120203,2,1758,2,99,99
20120205,2,1130,25,99,99
20120205,2,1294,2,99,"Romney, Mitt"
20120205,2,1087,12,"Denicore, Mark","Denicore, Amy"
20120205,2,1087,22,99,99
20120205,2,1032,26,99,99
20120207,2,1194,25,99,99
20120207,2,3793,1,99,99
20120207,2,1089,8,99,99
20120209,2,1039,25,99,"Obama Administration"
20120209,2,923,5,"Love, Yeardley","Huguely, George"
20120209,2,1067,2,99,"Romney, Mitt"
20120209,2,1069,2,99,"Santorum, Rick"
20120213,2,1090,25,99,"Xi, Jinping"
20120213,2,1191,21,99,99
20120213,2,1851,12,99,99
20120213,2,1784,2,99,"Romney, Mitt"
20120215,2,1043,25,"Cook, Susan Johnson","Obama Administration"
20120215,2,910,26,99,99
20120215,2,1318,2,"Santorum, Rick","Romney, Mitt"
20120215,2,1581,18,99,"Brinker, Nancy"
20120217,2,1209,1,99,"Baker, Rushern"
20120217,2,1335,26,99,99
20120217,2,1533,2,99,"Romney, Mitt"
20120217,2,1381,18,99,99
20120221,2,1153,26,99,99
20120221,2,1135,5,"Love, Yeardley","Huguely, George"
20120221,2,1063,2,"Gingrich, Newt","Romney, Mitt"
20120221,2,1270,3,99,"Duvall, Sean"
20120221,2,1783,26,99,"Hakim, Abdul"
20120223,2,1235,2,"Romney, Mitt","Obama, Barack"
20120223,2,1241,2,"Romney, Mitt","Santorum, Rick"
20120223,2,1311,5,99,"Huguely, George"
20120223,2,1231,18,99,99
20120223,2,1132,26,99,99
20120227,2,1027,25,99,99
20120227,2,1231,21,99,99
20120227,2,1102,2,"Romney, Mitt","Santorum, Rick"
20120227,2,1367,2,"Romney, Mitt","Santorum, Rick"
20120227,2,5153,25,"Sharrett, Dave II","Sharrett, Dave Sr"
20120229,2,1107,2,"Santorum, Rick","Romney, Mitt"
20120229,2,1299,18,99,99
20120229,2,814,2,99,99
20120229,2,1096,2,99,"Romney, Mitt"
20120229,2,1255,26,99,99
20120229,2,887,16,"Guarnizo, Marcel","Johnson, Barbara"
20120302,2,1275,26,99,99
20120302,2,1833,2,99,99
20120302,2,1238,24,99,"Breitbart, Andrew"
20120304,2,1239,26,99,99
20120304,2,1237,2,99,"Romney, Mitt"
20120304,2,2709,8,"Ritter, Janet","Ritter, Keith"
20120304,2,1846,26,99,99
20120306,2,1159,25,"Netanyahu, Benjamin","Obama, Barack"
20120306,2,1025,18,99,99
20120306,2,2492,26,99,99
20120306,2,960,2,"Santorum, Rick","Romney, Mitt"
20120306,2,1632,12,99,99
20120308,2,1321,25,99,99
20120308,2,1020,2,99,99
20120308,2,964,26,99,99
20120308,2,890,2,99,"Romney, Mitt"
20120308,2,1195,3,99,99
20120312,2,1174,25,99,99
20120312,2,829,25,99,99
20120312,2,1223,2,99,"Obama, Barack"
20120312,2,1177,2,"Gingrich, Newt","Santorum, Rick"
20120312,2,1208,18,99,99
20120312,2,959,7,99,99
20120314,2,509,2,"Romney, Mitt","Santorum, Rick"
20120314,2,966,2,99,"Romney, Mitt"
20120314,2,855,8,99,99
20120314,2,909,3,99,99
20120314,2,1343,25,"Karzai, Hamid","Obama Administration"
20120316,2,1230,25,99,99
20120316,2,951,2,99,"Obama, Barack"
20120316,2,1149,1,99,99
20120316,2,1167,8,99,99
20120316,2,842,26,99,"Bo, Xilai"
20120320,2,1256,26,99,99
20120320,2,2447,2,99,"Santorum, Rick"
20120320,2,1546,7,99,99
20120320,2,1187,25,99,"Bales, Robert"
20120322,2,1072,4,99,99
20120322,2,1307,22,99,99
20120322,2,1201,2,99,"Romney, Mitt"
20120322,2,1788,5,"Zimmerman, George","Martin, Trayvon"
20120326,2,1233,26,99,99
20120326,2,1756,11,99,99
20120326,2,1672,9,99,99
20120326,2,1280,1,99,"O'Malley, Martin"
20120328,2,1224,14,99,99
20120328,2,1390,2,99,"Romney, Mitt"
20120328,2,1211,4,99,99
20120328,2,1207,25,99,99
20120330,2,1455,25,"Obama, Barack","Romney, Mitt"
20120330,2,1241,26,99,"Cameron, David"
20120330,2,1400,1,99,99
20120330,2,1744,4,99,99
20120330,2,1184,14,99,99
20120401,2,1406,2,"Santorum, Rick","Romney, Mitt"
20120401,2,2586,5,99,99
20120401,2,1610,26,99,99
20120401,2,1382,2,"Obama, Barack","Assongba, Abake"
20120403,2,1117,1,99,"Johnson, Martha"
20120403,2,1184,6,99,99
20120403,2,1139,18,99,99
20120403,2,1350,26,99,99
20120405,2,948,2,"Obama, Barack","Romney, Mitt"
20120405,2,1156,2,"Ryan, Paul","Romney, Mitt"
20120405,2,1327,26,99,99
20120405,2,1421,26,99,"Modi, Narendra"
20120405,2,1498,12,99,99
20120409,2,1299,25,99,"al-Maliki, Nouri"
20120409,2,886,25,99,99
20120409,2,2128,16,99,99
20120409,2,2719,24,99,"Wallace, Mike"
20120409,2,1336,22,99,"Jordan, Michael"
20120411,2,1303,2,"Santorum, Rick","Romney, Mitt"
20120411,2,1265,26,99,"Bo, Xilai"
20120411,2,1825,14,99,99
20120411,2,1408,11,99,99
20120413,2,1312,12,99,99
20120413,2,899,15,99,99
20120413,2,1260,2,99,99
20120413,2,1209,2,"Romney, Mitt","Romney, Ann"
20120413,2,1446,24,99,99
20120417,2,716,3,99,"Panetta, Leon"
20120417,2,1071,1,99,99
20120417,2,1388,25,99,"Kony, Joseph"
20120417,2,1554,1,99,99
20120419,2,1409,25,99,99
20120419,2,1125,25,99,99
20120419,2,1347,26,99,99
20120419,2,1358,24,99,"Clark, Dick"
20120423,2,1212,25,99,"Obama, Barack"
20120423,2,1289,21,99,99
20120423,2,1366,12,99,99
20120423,2,1355,2,99,"McCaskill, Claire"
20120423,2,1289,26,99,99
20120425,2,1184,26,99,99
20120425,2,1734,17,"Hethmon, Michael","Kobach, Kris"
20120425,2,1320,7,99,99
20120425,2,915,13,99,"Osteen, Joel"
20120425,2,1294,26,99,99
20120427,2,1223,26,"Bo, Xilai","Wen, Jiabao"
20120427,2,1376,2,99,99
20120427,2,1097,25,99,99
20120429,2,1457,25,99,"Chen, Guangcheng"
20120429,2,2774,26,99,99
20120429,2,1721,12,"Edsall, Casey","Dennis, Graham"
20120429,2,1267,6,99,99
20120429,2,1225,9,99,99
20120501,2,1123,25,99,"Brennan, John"
20120501,2,1311,25,99,"bin Laden, Osama"
20120501,2,1299,25,99,"Chen, Guangcheng"
20120501,2,1050,8,99,99
20120501,2,1033,2,"Bo the First Dog","Obama, Barack"
20120501,2,1377,26,99,99
20120503,2,1507,25,99,"Chen, Guangcheng"
20120503,2,1405,25,"Clinton, Hillary","Chen, Guangcheng"
20120503,2,1316,5,99,99
20120503,2,1640,26,99,99
20120507,2,1205,26,99,99
20120507,2,2201,25,99,99
20120507,2,1454,9,99,99
20120507,2,1516,2,99,"Warren, Elizabeth"
20120509,2,1041,25,99,99
20120509,2,1263,2,99,"Lugar, Richard"
20120509,2,1270,2,"Allen, George","Kaine, Tim"
20120509,2,1140,26,99,99
20120509,2,1633,24,99,"Sendak, Maurice"
20120511,2,1101,26,99,99
20120511,2,5419,2,99,"Romney, Mitt"
20120511,2,1787,16,99,"Obama, Barack"
20120511,2,1266,14,99,99
20120511,2,1248,26,99,99
20120515,2,978,26,99,99
20120515,2,1363,26,99,"Pena Nieto, Enrique"
20120515,2,1149,22,"Walton, Reggie","Clemens, Roger"
20120515,2,1084,2,"Obama, Barack","Romney, Mitt"
20120515,2,1493,1,99,99
20120517,2,1216,16,99,99
20120517,2,1022,8,99,"O'Malley, Martin"
20120517,2,1288,26,99,"Morsi, Mohammed"
20120517,2,861,14,99,"Hutchinson, Cathy"
20120521,2,1555,25,"Allen, John","Obama, Barack"
20120521,2,1616,1,99,"Obama, Barack"
20120521,2,1372,26,99,"Banerjee, Mamata"
20120521,2,948,25,99,"Chen, Guangcheng"
20120523,2,1025,25,99,99
20120523,2,1814,25,99,99
20120523,2,1403,8,99,99
20120523,2,1556,26,99,"Hashimoto, Toru"
20120525,2,1196,26,99,"Morsi, Mohammed"
20120525,2,950,2,"Obama, Barack","Romney, Mitt"
20120525,2,1251,26,99,99
20120525,2,1071,2,99,"Romney, Mitt"
20120525,2,922,12,99,99
20120527,2,821,26,99,99
20120527,2,1874,25,99,99
20120527,2,1627,2,99,"Walker, Scott"
20120527,2,2558,21,99,99
20120529,2,1095,2,99,"Romney, Mitt"
20120529,2,1140,18,99,"Obama, Barack"
20120529,2,1242,12,99,99
20120529,2,1287,18,99,99
20120529,2,1344,26,99,"Queen Elizabeth"
20120531,2,1341,3,99,99
20120531,2,2537,2,99,"Romney, Mitt"
20120531,2,1136,26,99,99
20120531,2,869,2,"Obama, Barack","Romney, Mitt"
20120103,3,1179,2,"Paul, Ron","Romney, Mitt"
20120103,3,2021,2,99,"Obama, Barack"
20120103,3,1055,26,99,99
20120103,3,973,7,99,99
20120105,3,1260,7,99,99
20120105,3,1972,2,99,"Romney, Mitt"
20120105,3,1281,1,"Cordray, Richard","Obama, Barack"
20120105,3,1057,9,99,"Dwyer, Aidan"
20120109,3,1019,7,99,99
20120109,3,2106,2,99,"Romney, Mitt"
20120109,3,2088,11,99,99
20120109,3,1041,7,99,99
20120111,3,1171,2,99,"Romney, Mitt"
20120111,3,893,2,99,"Romney, Mitt"
20120111,3,2036,26,99,99
20120111,3,1150,11,99,99
20120111,3,1044,21,99,99
20120113,3,1158,7,99,99
20120113,3,1967,7,99,"Moynihan, Brian"
20120113,3,1124,8,99,"Bernanke, Ben"
20120113,3,991,15,99,99
20120117,3,1486,26,99,99
20120117,3,1195,2,99,"Romney, Mitt"
20120117,3,1832,26,99,"Mezni, Jalilia"
20120119,3,1278,5,99,99
20120119,3,1036,26,99,99
20120119,3,1241,7,99,"Romney, Mitt"
20120119,3,946,26,99,99
20120123,3,1115,2,"Romney, Mitt","Gingrich, Newt"
20120123,3,1951,15,"Alghanim, Kutayba","Alghanim, Bassam"
20120123,3,817,26,99,"Heins, Thorsten"
20120123,3,971,21,99,99
20120125,3,1334,2,99,"Obama, Barack"
20120125,3,2046,7,99,"Whitaker, David"
20120125,3,1142,7,99,99
20120125,3,1059,18,99,99
20120127,3,1119,2,99,"Gingrich, Newt"
20120127,3,1261,25,99,99
20120127,3,2033,7,99,99
20120127,3,1021,15,99,99
20120131,3,1123,26,99,99
20120131,3,980,2,"Gingrich, Newt","Romney, Mitt"
20120131,3,1017,7,99,99
20120131,3,2133,25,99,"Xi, Jinping"
20120131,3,1001,15,99,99
20120202,3,1123,7,99,"Zuckerberg, Mark"
20120202,3,1407,26,99,"Hirai, Kazuo"
20120202,3,1328,2,"Obama, Barack","Romney, Mitt"
20120202,3,936,7,99,99
20120206,3,1081,2,"Gingrich, Newt","Romney, Mitt"
20120206,3,1937,7,99,99
20120206,3,1093,25,99,99
20120206,3,1023,21,99,99
20120208,3,1268,16,99,99
20120208,3,1308,26,99,99
20120208,3,1901,9,99,99
20120208,3,1094,26,99,99
20120210,3,1181,26,99,99
20120210,3,954,8,99,99
20120210,3,2061,25,99,99
20120210,3,1121,26,99,99
20120214,3,1166,1,99,99
20120214,3,1971,7,99,99
20120214,3,946,26,99,99
20120214,3,978,21,99,99
20120216,3,1158,25,99,"Karzai, Hamid"
20120216,3,1081,8,99,99
20120216,3,2288,2,99,"Wasserman Schultz, Debbie"
20120216,3,831,22,99,"Lin, Jeremy"
20120222,3,1076,8,99,"Obama Administration"
20120222,3,765,12,99,99
20120222,3,1933,25,99,99
20120222,3,1071,7,99,99
20120224,3,1423,26,99,"Draghi, Mario"
20120224,3,1110,7,99,99
20120224,3,2019,8,99,99
20120224,3,944,26,99,99
20120228,3,1066,5,"Gekko, Gordon","Chaves, David"
20120228,3,1012,5,99,"Dimora, Jimmy"
20120228,3,1782,8,99,99
20120301,3,1406,25,99,99
20120301,3,1107,2,99,"Romney, Mitt"
20120301,3,1268,7,99,99
20120301,3,1011,26,99,99
20120305,3,1377,26,99,"Putin, Vladimir"
20120305,3,1815,26,99,99
20120305,3,1191,2,"Obama, Barack","Romney, Mitt"
20120305,3,1010,18,99,"Jenkins, Herbert"
20120307,3,879,2,99,"Romney, Mitt"
20120307,3,938,2,"Santorum, Rick","Romney, Mitt"
20120307,3,2062,14,99,99
20120307,3,1283,5,99,"Monsegur, Hector Xavier"
20120307,3,909,26,99,"Thongbai, Khamsri"
20120309,3,980,26,99,99
20120309,3,2115,5,"Liew, Christina","Liew, Walter"
20120309,3,1792,9,99,99
20120309,3,872,14,99,99
20120313,3,1069,7,99,99
20120313,3,888,9,99,99
20120313,3,1796,8,99,99
20120313,3,856,8,99,99
20120313,3,956,15,99,"Hagerty, Marilyn"
20120315,3,1216,2,"Obama, Barack","Romney, Mitt"
20120315,3,967,7,99,99
20120315,3,1893,26,"Sarkozy, Nicolas","Hollande, Francois"
20120315,3,1069,15,99,99
20120319,3,1376,8,99,99
20120319,3,1518,25,99,"Bales, Robert"
20120319,3,2035,26,99,99
20120319,3,1122,20,"Costner, Kevin","Detmers, Peggy"
20120321,3,1398,2,99,"Romney, Mitt"
20120321,3,1231,7,99,99
20120321,3,1698,26,99,99
20120321,3,1304,26,99,99
20120323,3,884,7,99,99
20120323,3,1317,26,99,"Merah, Mohammed"
20120323,3,1793,14,99,99
20120323,3,968,21,"Dellis, Nelson","White, Ron"
20120327,3,1055,8,99,"Bernanke, Ben"
20120327,3,1321,26,"Bo, Xilai","Heywood, Neil"
20120327,3,2369,14,99,99
20120327,3,964,21,99,99
20120329,3,1203,14,99,99
20120329,3,980,22,99,99
20120329,3,2272,7,99,"Romney, Mitt"
20120329,3,1030,22,99,99
20120402,3,1165,17,99,"Romney, Mitt"
20120402,3,1285,25,99,99
20120402,3,2144,25,99,99
20120402,3,998,5,99,99
20120404,3,1251,2,"Santorum, Rick","Romney, Mitt"
20120404,3,1483,26,99,99
20120404,3,2029,25,99,"Soleimani, Qasem"
20120404,3,1032,7,99,99
20120406,3,907,5,99,99
20120406,3,846,26,99,"Iksil, Bruno Michel"
20120406,3,2115,2,99,"Burton, Bill"
20120406,3,1221,15,99,99
20120410,3,1172,26,99,99
20120410,3,1055,5,99,99
20120410,3,1098,2,99,99
20120410,3,2097,9,99,"Black, Nancy"
20120412,3,1389,7,99,99
20120412,3,1382,26,99,"Heywood, Neil"
20120412,3,1868,2,99,99
20120412,3,1037,15,99,99
20120416,3,1243,26,99,99
20120416,3,2088,7,99,"Girsky, Stephen"
20120416,3,898,7,99,99
20120416,3,925,26,99,99
20120418,3,1089,26,99,99
20120418,3,984,7,99,99
20120418,3,1032,25,99,99
20120420,3,977,8,99,99
20120420,3,2136,26,99,99
20120420,3,1455,7,99,99
20120420,3,1128,7,99,99
20120424,3,1243,1,99,99
20120424,3,1422,26,99,99
20120424,3,1079,7,99,99
20120424,3,994,7,99,99
20120426,3,1390,25,99,99
20120426,3,1045,17,99,99
20120426,3,1916,12,99,99
20120426,3,1048,15,99,99
20120430,3,1117,25,99,"Chen, Guangcheng"
20120430,3,1112,14,99,99
20120430,3,2107,18,99,99
20120430,3,1105,22,"Gluckstein, Jeffrey","Gluckstein, Steven"
20120502,3,1593,26,99,"Murdoch, Rupert"
20120502,3,1097,18,99,99
20120502,3,881,7,99,"McClendon, Aubrey"
20120502,3,997,1,99,"Lasorda, Tommy"
20120504,3,1470,25,99,"Chen, Guangcheng"
20120504,3,1701,26,99,"Sarkozy, Nicolas"
20120504,3,1458,7,99,"Zuckerberg, Mark"
20120504,3,1041,7,99,99
20120508,3,1293,26,99,99
20120508,3,1057,25,99,99
20120508,3,1115,26,99,"Pacquaio, Manny"
20120508,3,1074,8,99,99
20120510,3,1080,2,99,"Obama, Barack"
20120510,3,1095,7,99,99
20120510,3,2429,26,99,99
20120510,3,1107,26,99,99
20120514,3,276,7,99,"Dimon, Jamie"
20120514,3,1388,7,99,"Thompson, Scott"
20120514,3,2118,26,99,99
20120514,3,884,26,99,99
20120516,3,1191,26,99,99
20120516,3,1192,7,99,99
20120516,3,1817,25,99,99
20120516,3,1082,5,99,"Bodnar, Andrew"
20120518,3,2237,7,99,"Dimon, Jamie"
20120518,3,1061,26,99,"Tsipras, Alexis"
20120518,3,1749,25,99,"Obama Administration"
20120518,3,1012,21,99,99
20120522,3,1257,8,99,99
20120522,3,1026,2,99,"Obama Administration"
20120522,3,2023,7,99,99
20120522,3,983,26,99,99
20120524,3,1449,26,99,99
20120524,3,1500,7,99,99
20120524,3,1011,21,99,99
20120530,3,1224,8,99,99
20120530,3,2002,26,99,"Shafiq, Ahmed"
20120530,3,2033,26,99,99
20120530,3,949,7,99,99
20120103,4,338,16,99,99
20120103,4,1956,2,99,99
20120103,4,358,25,99,99
20120105,4,471,2,99,"Romney, Mitt"
20120105,4,2667,2,99,"Santorum, Rick"
20120105,4,341,7,99,99
20120109,4,422,1,99,99
20120109,4,1777,2,"Romney, Mitt","Obama, Barack"
20120109,4,266,11,99,99
20120111,4,500,2,99,"Romney, Mitt"
20120111,4,1742,8,99,99
20120113,4,366,2,99,"Obama, Barack"
20120113,4,1960,22,99,"Tebow, Tim"
20120113,4,331,21,99,99
20120117,4,575,22,99,99
20120117,4,1637,14,99,99
20120117,4,399,15,99,99
20120119,4,453,1,99,99
20120119,4,1722,2,99,99
20120119,4,386,9,99,"Obama, Barack"
20120123,4,412,2,"Gingrich, Newt","Romney, Mitt"
20120123,4,280,14,99,99
20120123,4,1732,24,99,"Paterno, Joe"
20120125,4,829,2,99,"Obama, Barack"
20120125,4,1419,2,99,"Romney, Mitt"
20120127,4,378,3,99,99
20120127,4,1587,22,99,99
20120127,4,350,14,99,"Brockovich, Erin"
20120131,4,425,8,99,"Obama, Barack"
20120131,4,376,16,99,99
20120131,4,1637,26,99,99
20120202,4,424,3,99,99
20120202,4,1512,24,99,"Cornelius, Don"
20120202,4,454,1,99,99
20120206,4,392,8,99,99
20120206,4,1862,26,99,"Queen Elizabeth"
20120208,4,461,2,"Romney, Mitt","Santorum, Rick"
20120208,4,1769,1,99,99
20120208,4,375,25,99,99
20120210,4,364,8,99,99
20120210,4,1881,5,99,99
20120210,4,306,7,99,99
20120214,4,517,2,99,99
20120214,4,2017,21,99,99
20120214,4,455,1,99,99
20120216,4,453,2,99,"Obama, Barack"
20120216,4,1926,18,99,99
20120216,4,445,14,99,99
20120220,4,463,21,99,99
20120220,4,1867,2,"Santorum, Rick","Romney, Mitt"
20120220,4,403,8,99,99
20120222,4,397,14,99,99
20120222,4,1739,1,99,99
20120222,4,366,13,99,99
20120224,4,372,8,99,99
20120224,4,2054,22,99,"Patrick, Danica"
20120224,4,347,9,99,99
20120228,4,520,8,99,99
20120228,4,2624,5,99,99
20120228,4,359,21,99,99
20120301,4,495,18,99,99
20120301,4,1421,5,99,"Lane, TJ"
20120301,4,417,7,99,99
20120305,4,405,8,99,99
20120305,4,1583,19,99,99
20120305,4,279,15,99,99
20120307,4,495,2,99,"Romney, Mitt"
20120307,4,1783,26,99,99
20120309,4,1687,22,99,99
20120309,4,1320,26,99,99
20120313,4,490,8,99,99
20120313,4,1844,25,99,99
20120313,4,374,22,99,99
20120315,4,515,7,99,99
20120315,4,1779,7,99,99
20120315,4,396,25,99,99
20120319,4,463,15,99,99
20120319,4,3966,5,99,99
20120321,4,473,2,99,"Romney, Mitt"
20120321,4,356,22,99,99
20120321,4,1682,5,99,"Martin, Trayvon"
20120323,4,255,20,99,"Houston, Whitney"
20120323,4,1894,22,99,"Wheldon, Dan"
20120323,4,384,18,99,99
20120327,4,511,14,99,99
20120327,4,1878,18,99,99
20120327,4,446,8,99,99
20120329,4,512,14,99,99
20120329,4,1780,12,99,99
20120329,4,412,12,99,99
20120402,4,356,2,"Romney, Mitt","Ortega-Hernandez, Oscar"
20120402,4,1835,14,99,99
20120402,4,386,21,99,99
20120404,4,397,2,99,"Romney, Mitt"
20120404,4,1537,21,99,99
20120406,4,370,1,99,99
20120406,4,1300,13,99,99
20120406,4,378,1,99,99
20120410,4,495,21,99,99
20120410,4,1806,14,99,99
20120410,4,339,5,99,99
20120412,4,473,25,99,99
20120412,4,1532,5,"Martin, Trayvon","Zimmerman, George"
20120412,4,378,7,99,99
20120416,4,363,11,99,99
20120416,4,1855,8,99,99
20120416,4,293,19,99,99
20120418,4,2068,15,99,"Russell, Jason"
20120420,4,4290,9,99,99
20120420,4,347,16,99,99
20120424,4,545,17,99,99
20120424,4,1898,7,99,99
20120424,4,435,14,99,99
20120426,4,483,17,99,"Verrilli, Donald"
20120426,4,329,21,99,99
20120426,4,1683,22,99,"Luck, Andrew"
20120430,4,429,5,99,99
20120430,4,1781,19,99,99
20120502,4,475,25,99,"Obama, Barack"
20120502,4,1701,22,"Summitt, Pat","Summitt, Tyler"
20120504,4,325,8,99,99
20120504,4,1651,1,99,99
20120504,4,366,25,99,99
20120508,4,493,14,99,99
20120508,4,1749,8,99,99
20120508,4,398,6,99,99
20120510,4,608,14,99,99
20120510,4,1429,2,99,"Obama, Barack"
20120510,4,348,7,99,99
20120514,4,441,7,99,99
20120514,4,1746,11,99,99
20120514,4,386,15,99,99
20120516,4,453,25,"Hollande, Francois","Clinton, Hillary"
20120516,4,1998,9,99,99
20120516,4,319,15,99,99
20120518,4,317,19,99,99
20120518,4,2446,25,99,"Clinton, Hillary"
20120518,4,328,21,99,99
20120522,4,435,11,99,99
20120522,4,1351,18,99,99
20120522,4,350,7,99,99
20120524,4,373,1,99,99
20120524,4,1649,8,99,99
20120524,4,376,11,99,99
20120530,4,488,14,99,99
20120530,4,1779,15,99,99
20120530,4,333,21,99,99
20120102,13,1133,2,99,"Santorum, Rick"
20120102,13,1151,19,99,99
20120102,13,1173,26,99,99
20120102,13,794,19,99,99
20120102,13,1410,12,99,99
20120104,13,1261,2,"Paul, Ron","Romney, Mitt"
20120104,13,939,2,99,"Romney, Mitt"
20120104,13,1129,11,99,99
20120104,13,1176,5,"Burkhart, Harry","Burkhart, Dorothee"
20120104,13,1612,18,99,99
20120106,13,874,1,99,"Brown, Jerry"
20120106,13,1192,3,99,99
20120106,13,1094,2,99,"Santorum, Rick"
20120106,13,1020,26,99,99
20120108,13,1175,2,99,99
20120108,13,2116,17,99,"Luna, Luis"
20120108,13,1076,1,99,99
20120108,13,1063,26,99,99
20120108,13,1290,5,"Barber, Ron","Ballis, Anna"
20120110,13,942,2,99,"Romney, Mitt"
20120110,13,1035,2,99,99
20120110,13,1361,25,99,99
20120110,13,1513,17,99,99
20120112,13,1169,25,99,99
20120112,13,1013,8,99,99
20120112,13,808,5,99,"Burkhart, Harry"
20120112,13,1075,2,99,"Romney, Mitt"
20120116,13,1016,2,"Santorum, Rick","Romney, Mitt"
20120116,13,1291,26,99,99
20120116,13,874,1,99,99
20120116,13,1334,1,99,99
20120116,13,1264,26,"Lee, Krys","Kim, Yong-chul"
20120118,13,1001,5,99,"Ocampo, Itzcoatl"
20120118,13,161,26,"De Falco, Gregorio","Schettino, Francesco"
20120118,13,921,2,99,"Romney, Mitt"
20120118,13,1046,15,99,99
20120118,13,1017,14,99,99
20120118,13,1688,21,"Vasari, Giorgio","Seracini, Maurizio"
20120120,13,1031,15,99,99
20120120,13,1224,26,99,99
20120120,13,1129,15,99,99
20120122,13,1243,2,99,"Gingrich, Newt"
20120122,13,1129,2,99,"Romney, Mitt"
20120122,13,1287,8,99,99
20120124,13,1151,25,99,"Wuterich, Frank"
20120124,13,1244,2,"Gingrich, Newt","Romney, Mitt"
20120124,13,1076,18,99,99
20120124,13,825,26,99,99
20120126,13,1030,2,"Gingrich, Newt","Romney, Mitt"
20120126,13,1170,3,99,99
20120126,13,1003,18,99,99
20120126,13,1134,25,99,99
20120126,13,1254,1,99,"Riddick, Elaine"
20120130,13,1105,2,"Gingrich, Newt","Romney, Mitt"
20120130,13,1391,12,99,"Burcham, David"
20120130,13,1073,12,99,99
20120201,13,1142,2,"Gingrich, Newt","Romney, Mitt"
20120201,13,749,21,99,99
20120201,13,1542,21,99,"Herzog, Laura"
20120203,13,868,7,99,99
20120203,13,1309,26,99,"Putin, Vladimir"
20120203,13,1122,2,99,99
20120203,13,1687,22,99,99
20120205,13,1104,2,99,"Romney, Mitt"
20120205,13,1959,9,99,99
20120205,13,1047,25,99,99
20120205,13,932,7,99,99
20120207,13,1121,5,99,99
20120207,13,1116,9,99,99
20120207,13,1452,26,99,99
20120207,13,789,26,99,99
20120207,13,864,21,99,99
20120209,13,1056,2,"Romney, Mitt","Santorum, Rick"
20120209,13,1066,5,99,99
20120209,13,892,26,99,99
20120209,13,953,16,99,"Kennedy, Anthony"
20120209,13,1645,16,99,"Hapham, Kevin"
20120213,13,1012,1,99,"Sandbrook, John"
20120213,13,1319,21,99,"Adele"
20120213,13,992,26,99,99
20120213,13,845,20,99,"Houston, Whitney"
20120213,13,1310,26,99,99
20120215,13,1170,7,99,99
20120215,13,1153,26,99,99
20120215,13,1149,8,99,99
20120215,13,1564,26,99,99
20120217,13,1816,7,99,99
20120217,13,1220,26,99,99
20120217,13,1342,25,99,99
20120219,13,1196,15,99,99
20120219,13,2653,16,99,99
20120219,13,920,9,99,99
20120219,13,1125,21,99,99
20120221,13,1147,8,99,99
20120221,13,1611,2,99,"Trumka, Richard"
20120221,13,1321,7,99,99
20120221,13,965,2,99,"Santorum, Rick"
20120223,13,1087,12,99,"Deasy, John"
20120223,13,982,5,99,99
20120223,13,918,2,99,"Santorum, Rick"
20120223,13,1091,26,99,99
20120223,13,1372,7,99,99
20120227,13,1004,26,99,99
20120227,13,1226,21,99,99
20120227,13,1121,26,99,"Mohamed, Shawadfi"
20120227,13,1118,2,"Romney, Mitt","Santorum, Rick"
20120227,13,1120,3,99,99
20120229,13,1187,2,"Santorum, Rick","Romney, Mitt"
20120229,13,954,8,99,99
20120229,13,1006,17,99,99
20120229,13,1155,5,99,"Robinson, Marcus Reymond"
20120302,13,881,7,99,99
20120302,13,1033,5,99,"Tseng, Hsiu-Ying"
20120302,13,1296,25,99,99
20120302,13,954,2,99,"Romney, Mitt"
20120304,13,1330,9,99,99
20120304,13,1787,9,99,99
20120304,13,1426,2,99,"Trutanich, Carmen"
20120304,13,1532,26,99,99
20120304,13,1068,2,99,99
20120306,13,1221,25,"al-Awlaki, Anwar","Holder, Eric"
20120306,13,1041,1,99,99
20120306,13,1239,2,99,99
20120306,13,1380,26,99,"Hong, Seok-cheon"
20120306,13,1195,23,99,"Limbaugh, Rush"
20120308,13,1141,2,99,"Romney, Mitt"
20120308,13,1402,11,99,99
20120308,13,1102,14,99,99
20120308,13,1099,21,99,99
20120308,13,1357,26,99,99
20120312,13,1134,25,99,99
20120312,13,1505,15,99,99
20120312,13,1192,7,99,99
20120312,13,1067,9,99,99
20120314,13,1243,2,99,99
20120314,13,1089,12,99,99
20120314,13,1026,5,99,99
20120316,13,1120,26,99,"al-Assad, Bashar"
20120316,13,1081,2,99,99
20120316,13,1286,3,99,99
20120316,13,919,15,99,99
20120318,13,1079,25,99,99
20120503,13,1295,25,99,"Chen, Guangcheng"
20120503,13,947,22,"McCourt, Frank","Johnson, Magic"
20120503,13,798,3,99,99
20120503,13,1384,26,99,"Abdullahi, Altine"
20120507,13,1000,26,99,"Hollande, Francois"
20120507,13,1340,26,99,99
20120507,13,1510,14,99,99
20120507,13,1168,2,"Romney, Mitt","Obama, Barack"
20120507,13,1022,7,99,99
20120509,13,1045,2,99,"Lugar, Richard"
20120509,13,1016,6,99,99
20120509,13,1581,24,99,"Sendak, Maurice"
20120509,13,1593,5,99,"Watkins, Craig"
20120511,13,1200,16,99,"Obama, Barack"
20120511,13,963,26,99,"al-Assad, Bashar"
20120511,13,1044,15,99,99
20120513,13,850,1,99,"Brown, Jerry"
20120513,13,1479,2,99,"Obama, Barack"
20120513,13,1893,25,"Zakirullah","Britton-Mihalo, Andrew"
20120513,13,1400,8,99,99
20120515,13,1178,1,99,"Brown, Jerry"
20120515,13,1195,26,99,"Moussa, Amr"
20120515,13,762,8,99,99
20120515,13,1261,14,99,99
20120515,13,1338,7,99,99
20120517,13,1054,25,99,99
20120517,13,1559,18,99,"McMillan, C Roy"
20120517,13,955,8,99,99
20120517,13,1141,9,99,99
20120517,13,1117,2,99,"Edwards, John"
20120521,13,1377,25,99,"Obama, Barack"
20120521,13,977,7,99,99
20120521,13,1128,16,99,99
20120523,13,848,25,99,"Amano, Yukiya"
20120523,13,1265,7,99,99
20120523,13,981,12,99,99
20120525,13,1176,26,99,99
20120525,13,985,7,99,99
20120527,13,2403,17,99,99
20120527,13,1365,14,99,"Snyder, Jo Ann"
20120527,13,992,7,99,99
20120527,13,1744,2,99,"Romney, Mitt"
20120529,13,1381,2,"Romney, Mitt","Obama, Barack"
20120529,13,1440,1,99,99
20120529,13,1257,26,99,"Aslam, Zaib"
20120529,13,1109,12,99,99
20120529,13,1219,7,99,99
20120531,13,999,5,99,99
20120531,13,1512,26,99,99
20120531,13,1194,15,99,99
20120531,13,1127,7,99,99
20120531,13,1379,21,"Young, John","Young, Elizabeth"
20120102,117,436,18,99,"Ritter, Bill"
20120102,117,681,22,99,"Tebow, Tim"
20120102,117,1344,8,99,99
20120102,117,661,18,99,99
20120104,117,1281,2,"Santorum, Rick","Romney, Mitt"
20120106,117,908,3,99,"Obama, Barack"
20120110,117,542,21,"Knaub, Bailey","Tebow, Tim"
20120110,117,723,1,99,99
20120110,117,566,14,99,99
20120112,117,704,1,99,99
20120112,117,1165,13,99,99
20120115,117,710,22,99,99
20120115,117,1345,1,99,99
20120116,117,817,14,99,99
20120116,117,1317,18,99,"King, Martin Luther Jr"
20120116,117,1202,1,99,"Obama, Barack"
20120118,117,982,15,99,99
20120118,117,992,26,99,"Schettino, Francesco"
20120120,117,685,2,99,"Gingrich, Newt"
20120120,117,475,14,99,"Jensen, Eric"
20120124,117,824,7,99,99
20120124,117,1443,12,99,99
20120124,117,813,1,"Obama, Barack","Lamborn, Doug"
20120124,117,968,6,99,"Muhtorov, Jamshid"
20120126,117,1039,2,99,99
20120126,117,1205,25,99,99
20120126,117,934,12,99,99
20120130,117,850,15,99,99
20120130,117,837,9,99,99
20120130,117,1259,25,99,99
20120201,117,695,18,99,99
20120201,117,814,2,"Paul, Ron","Santorum, Rick"
20120203,117,933,2,99,"Romney, Mitt"
20120203,117,728,18,99,99
20120203,117,612,19,99,99
20120207,117,952,2,"Santorum, Rick","Romney, Mitt"
20120207,117,1229,18,99,99
20120207,117,1540,15,99,99
20120207,117,1178,25,99,99
20120209,117,909,2,99,"Santorum, Rick"
20120209,117,621,2,99,"Romney, Mitt"
20120209,117,1350,14,99,99
20120212,117,1395,1,99,99
20120212,117,1449,24,99,"Houston, Whitney"
20120213,117,744,26,99,99
20120213,117,1095,8,99,99
20120215,117,721,14,99,99
20120215,117,674,25,99,99
20120217,117,889,9,99,99
20120217,117,1035,2,99,99
20120221,117,1519,12,99,99
20120221,117,761,14,99,99
20120221,117,790,14,99,99
20120221,117,561,2,99,99
20120223,117,569,14,99,99
20120223,117,674,14,99,99
20120223,117,765,14,99,99
20120227,117,478,7,99,99
20120227,117,715,14,99,"Tilly, Jonathan"
20120229,117,451,1,99,99
20120229,117,1123,12,99,99
20120229,117,1777,2,99,"Romney, Mitt"
20120328,117,972,8,99,99
20120330,117,750,19,99,99
20120330,117,844,8,99,99
20120330,117,717,14,99,99
20120405,117,854,19,99,99
20120405,117,543,2,99,99
20120405,117,858,14,99,99
20120408,117,1240,1,99,"Hickenlooper, John"
20120409,117,732,2,99,99
20120409,117,963,5,"Malual, Youn","Reat, Jimma"
20120409,117,1655,24,99,"Wallace, Mike"
20120411,117,647,2,99,"Santorum, Rick"
20120411,117,969,2,99,"Romney, Mitt"
20120411,117,714,8,99,99
20120411,117,601,12,99,99
20120413,117,494,2,99,99
20120417,117,757,19,99,99
20120417,117,740,23,99,99
20120419,117,662,18,99,99
20120419,117,703,8,99,99
20120419,117,1907,24,99,"Clark, Dick"
20120423,117,1076,25,99,"Chamjock, Gatbel"
20120423,117,1078,18,99,"Miramontes-Varela, Jesus"
20120425,117,747,2,99,"Obama, Barack"
20120427,117,658,7,99,99
20120501,117,543,2,"Obama, Barack","Romney, Mitt"
20120501,117,898,3,99,"Kenney, Tim"
20120503,117,813,8,99,99
20120503,117,593,2,"Romney, Mitt","Grenell, Richard"
20120506,117,1297,2,99,99
20120507,117,765,2,99,99
20120507,117,1016,12,99,99
20120507,117,1312,26,"Sarkozy, Nicolas","Hollande, Francois"
20120509,117,790,16,99,99
20120509,117,709,7,99,99
20120509,117,738,25,99,99
20120511,117,624,16,99,99
20120511,117,833,14,99,99
20120515,117,985,16,99,99
20120515,117,659,21,99,99
20120517,117,705,12,99,"Roti, Frank"
20120517,117,1145,21,99,99
20120521,117,1156,2,99,"Coors, Joe"
20120521,117,793,25,99,"Obama, Barack"
20120523,117,715,11,99,99
20120523,117,1280,7,99,99
20120525,117,761,8,99,99
20120525,117,1112,12,99,"King, William"
20120529,117,1172,3,99,"Anton, Kevin"
20120529,117,1042,7,99,"Romney, Mitt"
20120531,117,1693,8,99,99
20120531,117,635,7,99,99
20120103,118,760,2,99,"Perry, Rick"
20120103,118,583,2,99,99
20120103,118,716,8,99,99
20120103,118,1171,14,99,99
20120105,118,834,2,99,"Perry, Rick"
20120105,118,780,18,99,"Gonzalez, Jaime"
20120105,118,929,2,"Gingrich, Newt","Romney, Mitt"
20120109,118,883,2,99,"Romney, Mitt"
20120109,118,505,22,99,99
20120109,118,1158,1,99,"Giffords, Gabrielle"
20120111,118,998,2,99,"Romney, Mitt"
20120111,118,668,18,99,99
20120111,118,469,17,99,99
20120111,118,711,22,99,99
20120113,118,717,14,99,99
20120113,118,973,25,99,99
20120113,118,979,22,99,"Kubiak, Gary"
20120117,118,402,19,99,99
20120117,118,861,2,"Perry, Rick","Romney, Mitt"
20120117,118,807,14,99,99
20120117,118,669,5,99,"Bagherzadeh, Gelareh"
20120119,118,695,9,99,"Obama, Barack"
20120119,118,463,2,99,"Perry, Rick"
20120119,118,654,18,99,"Garcia, Jose"
20120122,118,1021,2,"Romney, Mitt","Gingrich, Newt"
20120122,118,1425,2,99,"Perry, Rick"
20120123,118,1048,2,99,"Obama, Barack"
20120123,118,819,1,99,"Giffords, Gabrielle"
20120123,118,2432,24,99,"Paterno, Joe"
20120125,118,975,1,99,"Obama, Barack"
20120125,118,504,12,99,99
20120125,118,702,5,99,"Stanford, Allen"
20120125,118,699,1,99,99
20120127,118,646,2,"Gingrich, Newt","Romney, Mitt"
20120127,118,732,9,99,99
20120131,118,684,5,99,99
20120131,118,636,8,99,99
20120131,118,380,25,99,99
20120131,118,515,14,99,99
20120202,118,910,12,99,99
20120202,118,930,7,99,99
20120206,118,714,12,99,99
20120206,118,669,15,99,99
20120206,118,832,5,99,"Echols, Ben"
20120208,118,432,5,99,99
20120208,118,747,12,99,99
20120208,118,764,18,99,99
20120208,118,220,2,99,"Santorum, Rick"
20120210,118,857,8,99,99
20120210,118,744,26,99,"Vazquez-Mota, Josefina"
20120214,118,915,1,99,"Obama, Barack"
20120214,118,676,18,99,"Parker, Annise"
20120214,118,688,14,99,99
20120216,118,554,2,99,99
20120216,118,750,15,99,99
20120216,118,1262,25,99,99
20120219,118,854,8,99,99
20120219,118,836,16,99,99
20120219,118,649,7,99,99
20120220,118,845,26,99,99
20120222,118,638,8,99,99
20120222,118,849,16,99,"Fisher, Abigail"
20120224,118,596,12,99,99
20120224,118,790,16,99,99
20120307,118,650,5,99,"Stanford, Allen"
20120307,118,1507,2,"Santorum, Rick","Romney, Mitt"
20120307,118,808,5,99,"Stanford, Allen"
20120309,118,634,18,99,"Perry, Rick"
20120313,118,569,2,99,99
20120313,118,580,8,99,99
20120313,118,563,25,99,"Kilrain, Colin"
20120315,118,652,14,99,99
20120315,118,603,7,99,99
20120318,118,1419,7,99,99
20120318,118,819,26,99,"Pope Benedict"
20120319,118,739,1,99,99
20120319,118,713,2,99,"Paul, Ron"
20120319,118,783,5,99,99
20120321,118,630,8,99,99
20120323,118,608,12,99,99
20120323,118,696,13,99,99
20120327,118,608,18,99,99
20120327,118,604,12,99,99
20120327,118,501,14,99,99
20120329,118,685,14,99,99
20120329,118,753,2,99,"Obama Administration"
20120402,118,696,2,99,99
20120402,118,641,13,99,99
20120402,118,731,21,99,99
20120404,118,434,19,99,99
20120404,118,601,11,99,99
20120404,118,583,2,99,"Romney, Mitt"
20120406,118,780,3,99,99
20120410,118,804,11,99,99
20120410,118,662,8,99,99
20120412,118,724,18,99,99
20120412,118,1042,5,99,"Zimmerman, George"
20120412,118,553,12,99,"Rowlett, Rickey"
20120415,118,1246,26,99,99
20120415,118,992,2,99,"Linbeck, Leo"
20120415,118,717,8,99,99
20120416,118,708,22,99,"Clemens, Roger"
20120416,118,1051,14,99,"Stowe, Krenie"
20120416,118,683,8,99,"Perry, Rick"
20120418,118,644,12,99,99
20120420,118,672,12,99,"Grier, Terry"
20120420,118,1458,9,99,99
20120420,118,740,14,99,99
20120420,118,634,12,99,99
20120424,118,593,17,99,99
20120424,118,555,22,99,"Clemens, Roger"
20120426,118,694,17,99,99
20120426,118,702,17,99,"Calderon, Felipe"
20120430,118,771,2,99,"Obama, Barack"
20120430,118,918,9,99,99
20120430,118,712,22,99,"Clemens, Roger"
20120430,118,549,14,99,99
20120502,118,1353,25,99,"Obama, Barack"
20120502,118,535,17,99,99
20120502,118,678,22,"Pettitte, Andy","Clemens, Roger"
20120504,118,550,22,99,"Clemens, Roger"
20120504,118,656,26,99,99
20120504,118,727,11,99,99
20120508,118,630,11,99,99
20120508,118,574,2,"Carona, John","Patrick, Dan"
20120508,118,838,2,"Romney, Mitt","Paul, Ron"
20120508,118,858,6,99,99
20120510,118,697,14,99,99
20120510,118,805,16,99,"Parker, Annise"
20120510,118,773,5,99,"Castillo, Elisa"
20120513,118,549,17,99,99
20120513,118,863,21,"Le, Phong","Le, Tram"
20120513,118,1355,12,"Bonton, Michelle","Cluff, Annette"
20120514,118,761,26,99,99
20120514,118,764,11,99,"Kelly, Gary"
20120514,118,1192,7,99,"Drew, Ina"
20120516,118,708,22,"Clemens, Roger","McNamee, Brian"
20120516,118,679,9,99,"Obama Administration"
20120518,118,935,15,99,99
20120522,118,577,7,99,99
20120522,118,619,14,99,99
20120522,118,880,26,99,"Calderon, Felipe"
20120524,118,733,5,99,"Echols, Ben"
20120524,118,726,1,99,99
20120528,118,712,8,99,99
20120528,118,2166,18,99,99
20120528,118,819,2,99,99
20120528,118,378,2,99,"Romney, Mitt"
20120530,118,685,2,"Cruz, Ted","Dewhurst, David"
20120530,118,543,2,"Lykos, Pat","Anderson, Mike"
20120530,118,625,2,99,"Romney, Mitt"
20120103,119,614,12,99,99
20120103,119,1066,14,99,99
20120105,119,883,2,"Santorum, Rick","Romney, Mitt"
20120105,119,1105,12,99,99
20120105,119,514,8,99,99
20120109,119,966,2,99,99
20120109,119,835,5,"Kapila, Soneet","Pearlman, Lou"
20120111,119,1040,12,99,"Scott, Rick"
20120111,119,768,1,99,99
20120111,119,823,5,99,"Champion, Robert"
20120111,119,813,8,99,99
20120113,119,628,16,99,99
20120113,119,723,2,99,"Dyer, Buddy"
20120113,119,892,2,99,"Romney, Mitt"
20120117,119,1263,2,99,99
20120117,119,936,18,99,99
20120119,119,602,21,99,"Obama, Barack"
20120119,119,700,8,99,99
20120123,119,771,2,99,99
20120123,119,756,7,99,99
20120125,119,793,2,99,"Romney, Mitt"
20120125,119,989,1,99,"Obama, Barack"
20120125,119,1006,14,99,99
20120125,119,815,12,99,99
20120127,119,829,15,99,"Gingrich, Newt"
20120127,119,1299,2,"Romney, Mitt","Gingrich, Newt"
20120127,119,720,18,99,"McLeod, Rachel"
20120129,119,877,7,99,99
20120129,119,991,2,99,99
20120129,119,925,12,99,99
20120131,119,953,2,"Gingrich, Newt","Romney, Mitt"
20120131,119,963,7,99,99
20120131,119,881,12,99,99
20120202,119,737,8,99,99
20120202,119,758,12,99,99
20120202,119,953,8,99,99
20120206,119,649,15,99,99
20120206,119,1100,2,"Obama, Barack","Johnson, Gary"
20120206,119,771,18,99,99
20120208,119,619,7,99,99
20120208,119,835,11,99,99
20120208,119,432,5,99,"Ammons, James"
20120210,119,758,8,99,99
20120210,119,875,12,99,99
20120210,119,1128,2,99,99
20120214,119,854,5,"Millette, Wendy","Champion, Robert"
20120214,119,671,1,99,99
20120216,119,756,12,99,99
20120220,119,655,16,99,"Jacobs, Teresa"
20120220,119,1260,2,99,"Obama, Barack"
20120220,119,799,12,99,99
20120220,119,694,7,99,99
20120222,119,714,16,99,99
20120222,119,577,22,99,99
20120224,119,707,21,99,99
20120224,119,862,18,99,99
20120226,119,789,22,99,99
20120226,119,1140,1,99,"Wilson, Mark"
20120226,119,1100,12,99,99
20120228,119,946,1,99,99
20120228,119,773,10,99,99
20120228,119,439,14,99,"Mica, John"
20120301,119,845,2,99,99
20120301,119,311,14,99,99
20120305,119,696,2,99,99
20120305,119,863,8,99,99
20120305,119,1752,2,99,"Obama, Barack"
20120307,119,619,1,99,"Fulford, Jackie"
20120307,119,786,12,99,99
20120307,119,718,14,99,99
20120307,119,601,7,99,99
20120309,119,826,11,99,"Mica, John"
20120315,119,470,6,99,99
20120315,119,817,22,99,99
20120315,119,804,5,"Zimmerman, George","Martin, Trayvon"
20120315,119,797,5,99,99
20120319,119,735,12,99,99
20120319,119,838,12,99,"Jenkins, Barbara"
20120321,119,771,7,99,"Atchison, Jim"
20120321,119,781,12,99,99
20120321,119,823,12,99,99
20120321,119,639,5,"Zimmerman, George","Martin, Trayvon"
20120321,119,821,5,99,"Zimmerman, George"
20120323,119,831,5,99,"Martin, Trayvon"
20120323,119,814,5,99,"Lee, Bill"
20120323,119,607,5,99,99
20120323,119,782,1,99,99
20120325,119,787,8,99,"Felsing, Jamie"
20120325,119,1526,16,99,"Martin, Trayvon"
20120327,119,833,5,"Martin, Trayvon","Zimmerman, George"
20120327,119,814,5,"Martin, Trayvon","Zimmerman, George"
20120327,119,726,7,99,99
20120329,119,793,18,99,99
20120329,119,765,18,99,"Martinez, Mel"
20120329,119,762,5,99,99
20120402,119,753,16,99,99
20120402,119,749,14,99,99
20120402,119,846,7,99,99
20120402,119,633,11,99,99
20120404,119,776,2,99,"Dyer, Buddy"
20120404,119,917,14,99,99
20120404,119,964,5,"Zimmerman, George","Sonner, Craig"
20120406,119,781,18,99,99
20120406,119,803,5,99,99
20120410,119,925,5,"Martin, Trayvon","Corey, Angela"
20120410,119,836,8,99,"Jacobs, Teresa"
20120410,119,817,12,99,99
20120410,119,801,14,99,99
20120412,119,785,5,"Martin, Trayvon","Zimmerman, George"
20120412,119,608,5,"Martin, Trayvon","Zimmerman, George"
20120416,119,674,1,99,99
20120416,119,833,2,99,"Scott, Rick"
20120416,119,718,12,99,99
20120418,119,1135,12,99,"Scott, Rick"
20120418,119,932,9,99,99
20120418,119,693,8,99,99
20120418,119,808,5,99,99
20120420,119,708,5,99,"Zimmerman, George"
20120420,119,693,2,99,99
20120422,119,739,8,99,99
20120422,119,820,5,99,"Corey, Angela"
20120424,119,714,1,"Bonaparte, Norton","Lee, Bill"
20120424,119,812,7,99,99
20120424,119,1032,12,99,99
20120424,119,737,8,99,99
20120426,119,872,2,99,99
20120430,119,922,1,99,"Lee, Bill"
20120430,119,800,12,99,99
20120430,119,692,14,99,99
20120502,119,482,5,99,"Champion, Robert"
20120502,119,532,15,99,99
20120502,119,561,13,99,99
20120504,119,868,5,"Martin, Trayvon","Zimmerman, George"
20120504,119,772,8,99,99
20120504,119,876,5,99,99
20120504,119,766,8,99,99
20120508,119,762,14,99,99
20120508,119,723,1,99,99
20120510,119,1046,5,99,"Champion, Robert"
20120510,119,808,18,99,99
20120510,119,762,17,99,"Rubio, Marco"
20120514,119,767,8,99,99
20120514,119,940,12,"Shepherd-Miller, Linda","Miller, Bill"
20120514,119,837,8,99,99
20120514,119,774,12,99,99
20120516,119,606,8,99,99
20120516,119,805,7,99,99
20120516,119,790,12,99,99
20120516,119,775,17,99,"Rubio, Marco"
20120518,119,605,21,99,99
20120518,119,811,5,"Martin, Trayvon","Zimmerman, George"
20120518,119,804,5,99,99
20120518,119,874,15,99,99
20120520,119,821,8,"Gent, Jennifer","Gent, Greg"
20120520,119,1053,14,99,99
20120522,119,912,5,99,99
20120522,119,616,15,"Soto, Armando","Rivera, Domingo"
20120524,119,828,5,99,"Champion, Robert"
20120524,119,597,12,99,99
20120524,119,834,12,99,99
20120528,119,707,19,99,99
20120528,119,966,18,"Glenn, Judy","Glenn, Joel"
20120528,119,812,1,99,99
20120528,119,590,12,99,99
20120528,119,598,8,99,99
20120530,119,750,1,99,99
20120530,119,890,14,99,99
20120530,119,734,5,99,"Wagner, Joseph"
20120530,119,418,16,99,"Tyrrell, Jennifer"
20120103,120,352,19,99,99
20120103,120,92,19,99,99
20120103,120,971,2,"Romney, Mitt","Santorum, Rick"
20120106,120,306,25,99,"Schwartz, Matthew"
20120106,120,215,8,99,99
20120106,120,387,26,99,"Hawking, Steven"
20120109,120,859,21,99,99
20120109,120,316,18,"Olds, Dick","Peterson, Rick"
20120109,120,1248,2,"Gingrich, Newt","Romney, Mitt"
20120109,120,418,26,99,99
20120112,120,705,8,99,99
20120112,120,841,19,99,99
20120112,120,648,21,99,99
20120115,120,589,18,99,"Schwartz, Matthew"
20120115,120,475,18,99,"King, Martin Luther Jr"
20120115,120,907,8,99,99
20120118,120,242,11,99,99
20120118,120,1215,26,99,"Schettino, Francesco"
20120124,120,292,9,99,99
20120124,120,1000,18,99,99
20120127,120,348,8,99,99
20120127,120,842,9,99,99
20120130,120,867,2,"Gingrich, Newt","Romney, Mitt"
20120130,120,835,8,99,99
20120130,120,344,8,99,99
20120202,120,405,19,99,99
20120202,120,548,19,99,99
20120202,120,1268,25,99,"Panetta, Leon"
20120205,120,1261,25,99,99
20120205,120,1252,2,99,"Romney, Mitt"
20120205,120,1056,8,99,"Kroesing, Henry"
20120205,120,868,8,99,"McCray, Vanessa"
20120208,120,938,2,"Romney, Mitt","Santorum, Rick"
20120214,120,597,9,99,99
20120214,120,437,9,99,99
20120214,120,675,6,99,"Stone, David"
20120217,120,722,7,99,99
20120217,120,273,7,99,99
20120220,120,670,1,99,99
20120220,120,944,25,99,99
20120223,120,448,12,99,"Snyder, Rick"
20120223,120,473,8,99,99
20120226,120,886,2,"Santorum, Rick","Romney, Mitt"
20120226,120,116,2,"Santorum, Rick","Romney, Mitt"
20120226,120,661,25,99,99
20120229,120,1861,2,"Santorum, Rick","Romney, Mitt"
20120229,120,415,2,"Santorum, Rick","Romney, Mitt"
20120229,120,601,8,99,99
20120306,120,1012,2,"Santorum, Rick","Romney, Mitt"
20120309,120,542,12,99,99
20120309,120,224,18,99,99
20120309,120,367,21,99,99
20120312,120,658,25,99,99
20120312,120,771,26,99,"Sarkozy, Nicolas"
20120315,120,646,8,99,99
20120315,120,824,25,"Cameron, David","Obama, Barack"
20120318,120,641,11,99,99
20120318,120,1456,25,99,"Bales, Robert"
20120321,120,1140,18,99,99
20120327,120,1062,14,99,99
20120330,120,342,14,99,99
20120330,120,458,1,99,99
20120402,120,1137,14,99,99
20120402,120,1261,26,99,"Aung San Suu Kyi"
20120405,120,405,12,99,99
20120405,120,870,8,99,99
20120408,120,506,8,99,99
20120408,120,763,5,99,99
20120411,120,382,1,99,99
20120417,120,388,14,99,99
20120417,120,645,19,99,99
20120417,120,531,11,99,99
20120420,120,641,1,99,99
20120420,120,839,2,"Romney, Mitt","Obama, Barack"
20120420,120,539,12,99,99
20120423,120,981,2,99,"Romney, Mitt"
20120423,120,1278,8,99,99
20120423,120,795,25,99,99
20120426,120,489,12,99,99
20120426,120,446,1,99,99
20120429,120,1411,25,99,99
20120502,120,859,25,"Romney, Mitt","Obama, Barack"
20120502,120,894,2,99,"Walker, Scott"
20120508,120,848,6,99,99
20120508,120,413,1,99,99
20120508,120,346,9,99,"Koucky, Bill"
20120511,120,620,8,99,99
20120514,120,1364,8,99,99
20120514,120,516,9,99,99
20120514,120,1007,9,99,99
20120517,120,444,9,99,99
20120517,120,877,14,99,99
20120520,120,509,12,99,"Harrison, Alex"
20120520,120,1696,25,99,99
20120523,120,445,7,99,99
20120523,120,584,26,99,"Padoan, Pier Carlo"
20120529,120,592,18,99,99
20120529,120,721,18,99,"Obama, Barack"
20120104,121,386,2,"Chapman, Darrell","Liias, Marko"
20120110,121,636,1,99,99
20120113,121,655,3,99,99
20120116,121,505,18,99,"King, Martin Luther Jr"
20120119,121,842,11,99,99
20120119,121,1330,19,99,99
20120119,121,147,19,99,99
20120122,121,1300,13,99,"Backholm, Joseph"
20120125,121,708,5,99,"Harris-Moore, Colton"
20120203,121,314,22,99,99
20120206,121,538,8,99,99
20120206,121,536,8,"Elstrom, Florman","Elstrom-Reedy, Nancy"
20120206,121,1177,5,99,"Powell, Josh"
20120209,121,470,16,99,99
20120212,121,855,1,99,99
20120215,121,603,3,99,"Larsen, Rick"
20120221,121,1176,19,99,99
20120224,121,602,1,99,99
20120304,121,1085,2,99,"Romney, Mitt"
20120304,121,1399,2,99,99
20120316,121,699,22,99,"Ohashi, Katelyn"
20120319,121,799,2,99,"Eyman, Tim"
20120322,121,772,12,99,99
20120322,121,868,21,99,99
20120325,121,2768,7,"McKenna, Rob","Inslee, Jay"
20120328,121,1052,1,99,99
20120328,121,968,21,99,"Herdrick, Blair"
20120403,121,679,8,99,"McKenna, Rob"
20120409,121,671,12,99,99
20120409,121,585,11,99,99
20120415,121,1330,8,99,99
20120415,121,1423,24,99,99
20120427,121,654,2,99,99
20120430,121,654,2,99,99
20120503,121,516,18,99,99
20120506,121,1826,9,99,99
20120506,121,226,9,99,99
20120509,121,787,7,99,"Baba, Joe"
20120509,121,363,12,99,99
20120515,121,776,1,99,"Reardon, Aaron"
20120521,121,559,12,99,99
20120524,121,597,9,99,99
20120527,121,659,12,99,99
20120530,121,626,12,99,99
20120102,122,628,8,99,99
20120102,122,283,21,99,"Jutras, Stephanie"
20120105,122,784,2,99,"Romney, Mitt"
20120105,122,642,10,99,99
20120105,122,552,12,99,99
20120105,122,585,2,"Romney, Mitt","Patrick, Deval"
20120105,122,264,2,99,99
20120108,122,1248,2,99,"Romney, Mitt"
20120111,122,1327,2,99,"Romney, Mitt"
20120111,122,1331,2,"Huntsman, Jon","Paul, Ron"
20120111,122,783,2,"Gingrich, Newt","Romney, Mitt"
20120117,122,408,18,99,"King, Martin Luther Jr"
20120120,122,729,5,99,99
20120123,122,530,22,99,99
20120123,122,598,11,99,99
20120123,122,617,7,99,99
20120123,122,612,12,99,99
20120126,122,740,23,99,99
20120126,122,718,22,99,"Packard, John"
20120129,122,1180,1,99,"Martin, Ken"
20120129,122,884,22,99,"Kraft, Myra"
20120129,122,798,1,99,"Fiorentini, James"
20120201,122,737,22,99,"Gronkowski, Rob"
20120201,122,504,22,"Touzet, Carol","Touzet, Bob"
20120201,122,325,22,99,"Izzo, Larry"
20120201,122,630,1,99,99
20120201,122,549,6,99,"Cheung, Rudolf"
20120207,122,645,1,99,"Martin, Kevin"
20120207,122,493,1,99,99
20120210,122,470,12,99,99
20120210,122,468,2,99,"Moran, Frank"
20120210,122,375,12,99,"Wilson, Cid"
20120216,122,724,1,99,"Martin, Kevin"
20120219,122,914,12,99,"Lantigua, William"
20120219,122,1945,19,99,99
20120222,122,832,5,99,"Deveau, Aaron"
20120222,122,480,8,99,99
20120222,122,352,21,99,99
20120228,122,603,18,99,99
20120302,122,579,16,99,99
20120302,122,732,1,99,"Lantigua, William"
20120305,122,576,7,99,99
20120305,122,477,2,99,99
20120305,122,475,2,99,"Murphy, Larry"
20120308,122,630,2,"Lantigua, William","Vasquez, Kendrys"
20120308,122,1045,19,99,99
20120308,122,415,10,99,99
20120311,122,561,1,99,99
20120320,122,455,18,99,"Gallant, Richard"
20120326,122,373,9,99,"Fitzgerald, Bill"
20120326,122,697,8,99,99
20120326,122,530,12,99,99
20120401,122,739,2,99,99
20120401,122,955,5,99,"Martin, Trayvon"
20120404,122,585,12,99,99
20120413,122,600,2,99,"Fiorentini, James"
20120416,122,428,18,"Wright, Suzanne","El-Hefni, Ibrahim"
20120416,122,560,1,99,99
20120416,122,472,18,99,"Warner, Jay"
20120416,122,480,12,99,99
20120419,122,678,24,99,"Clark, Dick"
20120419,122,628,8,99,99
20120419,122,595,8,99,99
20120425,122,817,8,99,99
20120425,122,659,2,99,"Devers, Marcos"
20120501,122,584,2,99,99
20120507,122,964,8,99,"Fiorentini, James"
20120507,122,583,8,99,"Solomon, Joseph"
20120507,122,659,21,99,"Sandler, Adam"
20120510,122,646,12,99,99
20120510,122,673,1,99,99
20120513,122,1174,17,99,"Solomon, Joseph"
20120513,122,979,1,99,99
20120516,122,819,1,99,99
20120516,122,557,18,99,"Gogas, Donna"
20120516,122,490,8,99,99
20120522,122,230,8,99,99
20120525,122,380,12,99,"Gogas, Donna"
20120525,122,882,12,99,"Santana, Reynaldo"
20120528,122,669,18,99,99
20120528,122,842,18,99,"Reilly, Henry"
20120531,122,1091,12,99,99
20120531,122,1181,5,99,"Deveau, Aaron"
